Organization Name,Organization Name URL,Stage,Industries,Headquarters Location,Description,CB Rank (Company),Estimated Revenue Range,Website,Investor Type,Top 5 Investors,Lead Investors,Total Funding Amount,Total Funding Amount Currency,Total Funding Amount (in USD),Founders,Primary Industry,Primary Industry URL,Industry Groups
NVIDIA,https://www.crunchbase.com/organization/nvidia,,"AI Infrastructure, Artificial Intelligence (AI), Consumer Electronics, Foundational AI, GPU, Hardware, Software, Virtual Reality","Santa Clara, California, United States","NVIDIA is a computing platform company operating at the intersection of graphics, HPC, and AI.",20,$10B+,https://www.nvidia.com,,"Sequoia Capital, SoftBank Vision Fund, ARK Investment Management, DARPA, TriplePoint Capital","ARK Investment Management, ARPA-E, DARPA, Sequoia Capital, SoftBank Vision Fund",4095000000,USD,4095000000,"Chris Malachowsky, Curtis Priem, Jensen Huang",,,"Artificial Intelligence (AI), Consumer Electronics, Data and Analytics, Hardware, Science and Engineering, Software"
Helsing,https://www.crunchbase.com/organization/helsing,,"Artificial Intelligence (AI), Drones, Information Technology, Military, Software","Munich, Bayern, Germany","Helsing develops AI-powered defense tech, focusing on drones and software, to enhance military capabilities for democratic nations.",252,$1B to $10B,https://www.helsing.ai,,"General Catalyst, Lightspeed Venture Partners, Accel, BDT & MSD Partners, Greenoaks","General Catalyst, Prima Materia",1361500000,EUR,1519386783,"Gundbert Scherf, Niklas Köhler, Torsten Reil",Military,https://www.crunchbase.com/category/military,"Artificial Intelligence (AI), Consumer Electronics, Consumer Goods, Data and Analytics, Government and Military, Hardware, Information Technology, Science and Engineering, Software"
Quantum Systems,https://www.crunchbase.com/organization/quantum-systems,,"Aerospace, Artificial Intelligence (AI), Drones, Government, Manufacturing, Mapping Services","Gilching, Bayern, Germany","Quantum Systems builds AI-powered eVTOL drones for defense, security, and surveying, specializing in aerial intelligence solutions.",285,$100M to $500M,https://www.quantum-systems.com,,"European Investment Bank, Balderton Capital, Deutsche Bank, KfW, HV Capital","10x Group, Balderton Capital, Bayern Kapital, DTCP, ESG, European Investment Bank, HV Capital, Notion Capital, Porsche Automobil Holding, T.Capital, U.S. Department of Defense",775724608,USD,775724608,"Armin Busse, Florian Seibel",Artificial Intelligence (AI),https://www.crunchbase.com/category/artificial-intelligence,"Artificial Intelligence (AI), Consumer Electronics, Consumer Goods, Data and Analytics, Government and Military, Hardware, Manufacturing, Navigation and Mapping, Science and Engineering, Software"
Anduril Industries,https://www.crunchbase.com/organization/anduril-industries,,"Aerospace, Artificial Intelligence (AI), Government, Military, National Security","Costa Mesa, California, United States",Anduril Industries is a defense technology company that specializes in developing advanced autonomous systems to enhance national security.,454,$1B to $10B,https://www.anduril.com,,"Andreessen Horowitz, General Catalyst, Valor Equity Partners, Lightspeed Venture Partners, BlackRock","AlphaTON Capital Corp., Andreessen Horowitz, Elad Gil, Founders Fund, General Catalyst, Sands Capital Ventures, U.S. Department of Defense, Valor Equity Partners, XPRIZE",6375670000,USD,6375670000,"Brian Schimpf, Joseph Chen, Matt Grimm, Palmer Luckey, Trae Stephens",Government,https://www.crunchbase.com/category/government,"Artificial Intelligence (AI), Data and Analytics, Government and Military, Information Technology, Science and Engineering, Software"
Samsung Electronics,https://www.crunchbase.com/organization/samsung-electronics,,"Consumer Electronics, Electronics, Manufacturing, Mobile Apps, Mobile Devices","Seoul, Seoul-t'ukpyolsi, South Korea","Samsung Electronics is a technology company that engages in consumer electronics, IT and mobile communications, and device solutions.",486,$10B+,https://www.samsung.com,,"KB Securities, U.S. Department of Commerce",U.S. Department of Commerce,4745000000,USD,4745000000,"Byung-chul Lee, Jenny Gizzi",,,"Apps, Consumer Electronics, Hardware, Manufacturing, Mobile, Software"
Amazon,https://www.crunchbase.com/organization/amazon,,"Artificial Intelligence (AI), Delivery, E-Commerce, Foundational AI, Retail","Seattle, Washington, United States","Amazon is a tech firm with a focus on e-commerce, cloud computing, digital streaming, and artificial intelligence.",716,$10B+,https://amazon.com,,"Kleiner Perkins, Amazon, DBS Bank, Mizuho Bank, AOL","Amazon, Kleiner Perkins",8108000000,USD,8108000000,Jeff Bezos,,,"Administrative Services, Artificial Intelligence (AI), Commerce and Shopping, Data and Analytics, Science and Engineering, Software"
IBM,https://www.crunchbase.com/organization/ibm,,"Business Development, Business Information Systems, CRM, Data Management, Foundational AI, Software","Armonk, New York, United States","IBM is an IT technology and consulting firm providing computer hardware, software, infrastructure, and hosting services.",847,$10B+,http://www.ibm.com,,,,,,,"Gerard Aldus, Thomas J. Watson",,,"Artificial Intelligence (AI), Data and Analytics, Information Technology, Professional Services, Sales and Marketing, Science and Engineering, Software"
Netflix,https://www.crunchbase.com/organization/netflix,,"Digital Entertainment, Media and Entertainment, TV, Video Streaming","Los Gatos, California, United States",Netflix is an online streaming platform that enables users to watch TV shows and movies.,968,$10B+,https://www.netflix.com,,"HSBC, IVP, TCV, Redpoint, BNP Paribas","Groupe Arnault, IVP, Reed Hastings, TCV, Wells Fargo",72107714724,USD,72107714724,"Marc Randolph, Reed Hastings",,,"Content and Publishing, Media and Entertainment, Video"
Rio Tinto,https://www.crunchbase.com/organization/rio-tinto,,"Manufacturing, Mineral, Mining, Mining Technology, Natural Resources","Melbourne, Victoria, Australia",Rio Tinto is a mining and metals company that focuses on the extraction and processing of minerals and metals in various sectors.,"1,814",$10B+,http://www.riotinto.com,Corporate Venture Capital,"Australian Renewable Energy Agency, Canadian Government","Australian Renewable Energy Agency, Canadian Government",45679000,AUD,30744039,Hugh Matheson,,,"Manufacturing, Natural Resources, Sustainability"
Tesla,https://www.crunchbase.com/organization/tesla-motors,,"Automotive, Electric Vehicle, Energy, Manufacturing, Renewable Energy, Transportation","Austin, Texas, United States","Tesla is an electric vehicle and clean energy company that provides electric cars, solar, and renewable energy solutions.","1,843",$10B+,https://www.tesla.com,,"Valor Equity Partners, Craft Ventures, Citi, Deutsche Bank, DFJ Growth","Al Wahada Capital Investment, Australian Renewable Energy Agency, California Energy Commission, China Merchants Bank, European Union, Industrial and Commercial Bank of China, Massachusetts Clean Energy Center, Mercedes-Benz Group AG, Panasonic, PennDOT, Societe Generale, Technology Partners, Technology Venture Partners US, Tencent, Toyota Motor, US Department of Energy, Valor Equity Partners, VantagePoint Capital Partners",20117045571,USD,20117045571,"JB Straubel, Marc Tarpenning, Martin Eberhard",,,"Energy, Manufacturing, Sustainability, Transportation"
Oracle,https://www.crunchbase.com/organization/oracle,,"Data Governance, Data Management, Enterprise Software, Information Technology, SaaS, Software","Austin, Texas, United States",Oracle is an integrated cloud application and platform services that sells a range of enterprise information technology solutions.,"2,150",$10B+,https://www.oracle.com/,,"Sequoia Capital, HSBC, Citi, Goldman Sachs, Deutsche Bank","HSBC, JPMorgan Chase & Co., Sequoia Capital",25750000000,USD,25750000000,"Bob Miner, Ed Oates, JP Wiggins, Larry Ellison",,,"Data and Analytics, Information Technology, Software"
TEKEVER,https://www.crunchbase.com/organization/tekever,,"Aerospace, Information Technology, Military, Software","Lisboa, Lisboa, Portugal","The Tekever Group is a provider of innovative technologies in Software, Aerospace, Defence, and Security Markets.","2,239",,http://www.tekever.com,,"Baillie Gifford, Iberis Capital, National Security Strategic Investment Fund, NATO Innovation Fund, Crescent Cove Advisors","Baillie Gifford, NATO Innovation Fund, Ventura Capital",630669891,USD,630669891,"Nuno Cunha, Pedro Sinogas, Victor Cristina",,,"Government and Military, Information Technology, Science and Engineering, Software"
KoBold Metals,https://www.crunchbase.com/organization/kobold-metals,,"Artificial Intelligence (AI), Mineral, Mining, Software","Berkeley, California, United States",KoBold Metals is an AI-powered critical mineral startup that discovers essential materials for electric vehicles and renewable energy.,"2,254",$100M to $500M,https://www.koboldmetals.com,,"Andreessen Horowitz, Bond, StepStone Group, Breakthrough Energy Ventures, BHP","Andreessen Horowitz, Durable Capital Partners, T. Rowe Price",1224504127,USD,1224504127,"Jeff Jurinak, Josh Goldman, Kurt Zenz House",Artificial Intelligence (AI),https://www.crunchbase.com/category/artificial-intelligence,"Artificial Intelligence (AI), Data and Analytics, Natural Resources, Science and Engineering, Software"
Alphabet,https://www.crunchbase.com/organization/alphabet,,"Artificial Intelligence (AI), Information Technology, Search Engine, Software, Video Streaming","Mountain View, California, United States","Alphabet is a holding company that provides projects with resources, freedom, and focus to make their ideas happen.","2,282",$10B+,https://abc.xyz,,,,50130240845,USD,50130240845,"Larry Page, Sergey Brin",,,"Artificial Intelligence (AI), Content and Publishing, Data and Analytics, Information Technology, Internet Services, Media and Entertainment, Science and Engineering, Software, Video"
Lockheed Martin,https://www.crunchbase.com/organization/lockheed-martin,,"Aerospace, Cyber Security, Machinery Manufacturing, Military, National Security, Remote Sensing, Security","Bethesda, Maryland, United States","Lockheed Martin is a global security and aerospace company that specializes in advanced technology systems, products, and services.","2,493",$10B+,https://www.lockheedmartin.com,,"NYSERDA, Air Force Research Laboratory, United States Air Force",Air Force Research Laboratory,6062016440,USD,6062016440,"Allan Lockheed, Malcolm Lockheed",,,"Government and Military, Hardware, Information Technology, Manufacturing, Privacy and Security, Science and Engineering"
Kratos Defense and Security Solutions,https://www.crunchbase.com/organization/kratos-defense-and-security-solutions,,"Consulting, Cyber Security, Government, Information Technology, National Security, Public Safety, Satellite Communication, Security","San Diego, California, United States","Kratos Defense & Security Solutions provides mission critical engineering, IT services, and war fighter solutions.","3,162",$1B to $10B,http://www.kratosdefense.com,,United States Air Force,United States Air Force,2116799977,USD,2116799977,Masood Tayebi,,,"Government and Military, Hardware, Information Technology, Privacy and Security, Professional Services"
BAE Systems,https://www.crunchbase.com/organization/bae-systems,,"Aerospace, Manufacturing, Military, National Security, Navigation","London, England, United Kingdom","BAE Systems is an aerospace, defence, and information security company that provides advanced and technology-led solutions.","3,310",$10B+,http://www.baesystems.com,,"Scottish Enterprise, NYSERDA, U.S. Department of Defense, U.S. Department of Commerce, United States Navy","Scottish Enterprise, Solent Local Enterprise Partnership, U.S. Department of Commerce, U.S. Department of Defense",142270436,USD,142270436,,,,"Government and Military, Information Technology, Manufacturing, Navigation and Mapping, Science and Engineering"
ICEYE,https://www.crunchbase.com/organization/iceye,,"Aerospace, Remote Sensing, Satellite Communication","Espoo, Southern Finland, Finland","ICEYE operates a radar satellite constellation, providing all weather earth observation data and analytics for industries.","3,461",$100M to $500M,https://www.iceye.com,,"General Catalyst, Bpifrance, BlackRock, Draper Associates, Seraphim Space","Business Finland, Business Finland, DNX Ventures, General Catalyst, Seraphim Space, Solidium, True Ventures, Vinci",762387658,USD,762387658,"Pekka Laurila, Rafal Modrzewski",,,"Hardware, Science and Engineering"
Northrop Grumman,https://www.crunchbase.com/organization/northrop-grumman,,"Aerospace, Data Integration, Manufacturing, Remote Sensing, Security","Falls Church, Virginia, United States","Northrop Grumman is an aerospace, defense and security company that provides training and satellite ground network communications software.","3,840",$10B+,https://www.northropgrumman.com,,"U.S. Department of Defense, NASA","NASA, U.S. Department of Defense",3697600000,USD,3697600000,"Jack Northrop, Leroy Grumman",,,"Data and Analytics, Hardware, Information Technology, Manufacturing, Privacy and Security, Science and Engineering, Software"
Glencore,https://www.crunchbase.com/organization/glencore,,"Agriculture, Enterprise Software, Marketing, Mineral, Natural Resources, Precious Metals, Sales","Baar, Zug, Switzerland","Glencore operates various commodity industries include coal, copper, cotton, grain and oilseeds, nickel and zinc.","3,874",$10B+,http://glencore.com,,Saudi EXIM,Saudi EXIM,300000000,USD,300000000,Marc Rich,,,"Agriculture and Farming, Natural Resources, Sales and Marketing, Software, Sustainability"
Origin Robotics,https://www.crunchbase.com/organization/origin-robotics,,"Aerospace, Government, Military, Robotics","Riga, Riga, Latvia",Defense technology company that specializes in advanced autonomous systems,"4,062",,https://origin-robotics.com/,,"Change Ventures, European Union, Silicon Roundabout Ventures","Change Ventures, European Union",8500000,EUR,9073817,"Agris Kipurs, Ilja Nevdahs",,,"Government and Military, Hardware, Information Technology, Science and Engineering, Software"
Palantir Technologies,https://www.crunchbase.com/organization/palantir-technologies,,"Analytics, Artificial Intelligence (AI), Big Data, Enterprise Software, Software","Denver, Colorado, United States",Palantir Technologies is a software company that develops data analytics and data integration software solutions.,"4,258",$1B to $10B,http://www.palantir.com,,"Founders Fund, Goldman Sachs, 137 Ventures, Friends & Family Capital, Fifth Down Capital","Akkadian Ventures, ARK Investment Management, Founders Fund, Goldman Sachs, Kortschak Investments L.P., REV, Sompo Holdings",3027970015,USD,3027970015,"Alexander Karp, Joe Lonsdale, Nathan Gettings, Peter Thiel, Stephen Cohen",,,"Artificial Intelligence (AI), Data and Analytics, Science and Engineering, Software"
ARX Robotics,https://www.crunchbase.com/organization/arx-49c3,,"Artificial Intelligence (AI), Autonomous Vehicles, Drones, Manufacturing, Robotics","München, Bayern, Germany",ARX Robotics is a defense startup that develops autonomous unmanned ground systems for military and civilian applications.,"4,299",,https://www.arx-robotics.com,,"Speedinvest, HV Capital, Robin Capital, Omnes Capital, NATO Innovation Fund","HV Capital, NATO Innovation Fund, Project A Ventures, Speedinvest",52150000,EUR,58986280,"Henrich Maximilian Wied, Marc A Wietfeld, Stefan Roebel",,,"Artificial Intelligence (AI), Consumer Electronics, Consumer Goods, Data and Analytics, Hardware, Manufacturing, Science and Engineering, Software, Transportation"
Rolls-Royce,https://www.crunchbase.com/organization/rolls-royce-plc,,"Aerospace, Automotive, Energy, Industrial Manufacturing, Logistics, Machinery Manufacturing, Manufacturing","London, England, United Kingdom","Rolls-Royce provides aerospace engines, power systems, defense propulsion, marine solutions, and comprehensive MRO services.","4,530",$10B+,http://www.rolls-royce.com,,"UK Space Agency, United States Navy, BNF Resources, Exelon Generation Company","BNF Resources, Exelon Generation Company, UK Space Agency, United States Navy",276653559,USD,276653559,"Charles Rolls, Henry Royce",,,"Energy, Manufacturing, Science and Engineering, Transportation"
AMD,https://www.crunchbase.com/organization/amd,,"AI Infrastructure, Artificial Intelligence (AI), Cloud Computing, Computer, Embedded Systems, GPU, Hardware, Semiconductor","Santa Clara, California, United States","Advanced Micro Devices is a semiconductor company that designs and develops graphics units, processors, and media solutions.","4,560",$10B+,http://www.amd.com,,"OpenAI, KB Securities, Daniel Loeb","Daniel Loeb, OpenAI",,,,Jerry Sanders,,,"Artificial Intelligence (AI), Consumer Electronics, Data and Analytics, Hardware, Internet Services, Science and Engineering, Software"
Indra,https://www.crunchbase.com/organization/indra,,"Consulting, CRM, Information Services, Information Technology, Security, Service Industry","Madrid, Madrid, Spain","Indra is a technology and consulting company that offers solutions in information technology, defense, security, and transportation.","4,567",$1B to $10B,http://www.indracompany.com,,"European Investment Bank, JP Morgan Chase, Third Point","European Investment Bank, JP Morgan Chase, Third Point",653000000,EUR,738828696,,,,"Information Technology, Other, Privacy and Security, Professional Services, Sales and Marketing, Software"
L3Harris Technologies,https://www.crunchbase.com/organization/harris,,"Commercial, Information Technology, National Security","Melbourne, Florida, United States",L3Harris Technologies provides platform management system solutions for armed forces.,"4,756",$10B+,https://www.l3harris.com,,,,2250000000,USD,2250000000,"Frank Lanza, Robert LaPenta",,,"Government and Military, Information Technology, Other"
Qualcomm,https://www.crunchbase.com/organization/qualcomm,,"Artificial Intelligence (AI), Generative AI, Software, Telecommunications, Wireless","San Diego, California, United States","Qualcomm designs wireless technologies and semiconductors that power connectivity, communication, and smart devices.","4,772",$10B+,http://www.qualcomm.com,,,,3500000,USD,3500000,"Andrew Viterbi, Franklin P. Antonio, Frederic Rombaut, Irwin Jacobs",,,"Artificial Intelligence (AI), Data and Analytics, Hardware, Mobile, Science and Engineering, Software"
ASML,https://www.crunchbase.com/organization/asml,,"Commercial, Electronics, Hardware, Industrial, Industrial Manufacturing, Machinery Manufacturing, Manufacturing, Nanotechnology, Semiconductor, Software","Veldhoven, Noord-Brabant, The Netherlands",ASML is a manufacturer of chip-making equipment.,"4,929",$10B+,https://www.asml.com,,,,500000000,EUR,526457656,Martin van den Brink,,,"Consumer Electronics, Hardware, Manufacturing, Other, Science and Engineering, Software"
Rheinmetall,https://www.crunchbase.com/organization/rheinmetall,,"Aerospace, Manufacturing, Retail","Düsseldorf, Nordrhein-Westfalen, Germany",Rheinmetall specializes in security and mobility solutions.,"5,653",$10B+,http://www.rheinmetall.com,,Maine Technology Institute,Maine Technology Institute,1086092599,USD,1086092599,Heinrich Ehrhardt,,,"Commerce and Shopping, Manufacturing, Science and Engineering"
SAP,https://www.crunchbase.com/organization/sap,,"Analytics, Business Intelligence, Business Process Automation (BPA), Computer, Data Management, Finance, Software","Walldorf, Baden-Wurttemberg, Germany","SAP provides enterprise application software to various industries, including consumer, discrete manufacturing, public services.","6,017",$10B+,https://www.sap.com,,"Elliott Management Corp., EISMEA",Elliott Management Corp.,1301371240,USD,1301371240,"Andreas Neumeier, Claus Wellenreuther, Dietmar Hopp, Hans-Werner Hector, Hasso Plattner, Kaderjan Ilghar, Klaus Tschira",,,"Consumer Electronics, Data and Analytics, Financial Services, Hardware, Software"
Microsoft,https://www.crunchbase.com/organization/microsoft,,"Agentic AI, Application Performance Management, Artificial Intelligence (AI), Business Development, DevOps, Information Services, Information Technology, Management Information Systems, Network Security, Software","Redmond, Washington, United States","Microsoft is a software corporation that develops, manufactures, licenses, supports, and sells a range of software products and services.","6,048",$10B+,https://www.microsoft.com,,"Startmate, KB Securities, Technology Venture Investors",Technology Venture Investors,1000000,USD,1000000,"Bill Gates, Jiro Kobayashi, Luis J. Salazar, Paul Allen, Sarah Ahmad, Sarah Ashburn",,,"Artificial Intelligence (AI), Data and Analytics, Information Technology, Privacy and Security, Professional Services, Science and Engineering, Software"
Leonardo,https://www.crunchbase.com/organization/leonardo-bc38,,"Cyber Security, Electronics, Space Travel","Roma, Botosani, Romania",Leonardo is a security company that develops multi-domain technology capabilities for AD&S.,"6,133",$10B+,https://www.leonardo.com/en/home,,,,3800000000,EUR,4253040433,,,,"Consumer Electronics, Hardware, Information Technology, Privacy and Security, Transportation"
Delian Alliance Industries,https://www.crunchbase.com/organization/lambda-automata,,"Artificial Intelligence (AI), Homeland Security, National Security","London, England, United Kingdom",Delian builds a new defense prime to protect the West and its allies in the era of autonomous warfare,"7,471",,https://www.delian.ai,,"Marathon Venture Capital, Nebular, Air Street Capital, HCVC, NATO DIANA","Air Street Capital, Marathon Venture Capital, NATO DIANA",21420896,USD,21420896,Dimitrios Kottas,Artificial Intelligence (AI),https://www.crunchbase.com/category/artificial-intelligence,"Artificial Intelligence (AI), Data and Analytics, Government and Military, Privacy and Security, Science and Engineering, Software"
BHP,https://www.crunchbase.com/organization/bhp-billiton-petroleum,,"Human Resources, Natural Resources, Oil and Gas","Melbourne, Victoria, Australia",BHP is an Anglo-Australian multinational mining and petroleum company headquartered in Melbourne and based in Australia.,"7,568",$10B+,https://www.bhp.com,,,,9167101460,USD,9167101460,Raymond Key,,,"Administrative Services, Energy, Natural Resources, Sustainability"
Roark Aerospace,https://www.crunchbase.com/organization/roark-aerospace,,"Drones, Manufacturing, Military","London, England, United Kingdom",Roark Aerospace are the world's largest deployer of counter drone hardware and the pioneers of drone detection as a service.,"8,333",,https://www.roark-aerospace.com/,,,,301800000,USD,301800000,,,,"Consumer Electronics, Consumer Goods, Government and Military, Hardware, Information Technology, Manufacturing"
Barrick Mining,https://www.crunchbase.com/organization/barrick-gold-corporation,,"Mineral, Mining, Precious Metals","Toronto, Ontario, Canada",Barrick Mining operates mines and advanced exploration and development projects on five continents,"8,700",$10B+,http://barrick.com,,Elliott Management Corp.,Elliott Management Corp.,4741114803,USD,4741114803,Peter Munk,,,Natural Resources
Saab,https://www.crunchbase.com/organization/saab,,"Aerospace, Automotive, Information Technology, Manufacturing, National Security, Security","Stockholm, Stockholms Lan, Sweden","Saab serves the global market with products, services, and solutions from military defence to civil security.","8,818",$1B to $10B,https://www.saab.com,,"Nordic Investment Bank, Sekunjalo Group, Canada's Ocean Supercluster, Vinnova, African Equity Empowerment Investments (AEEI)","African Equity Empowerment Investments (AEEI), Canada's Ocean Supercluster, Nordic Investment Bank, Vinnova",150658399,USD,150658399,"Axel Wenner-Gren, Marcus Wallenberg Jr., Sven Wingqvist",,,"Government and Military, Information Technology, Manufacturing, Privacy and Security, Science and Engineering, Transportation"
Arondite,https://www.crunchbase.com/organization/arondite,,"Artificial Intelligence (AI), Information Technology, Software","London, England, United Kingdom","Arondite offers AI software to provide a unified connection across platforms, assets, robotic systems, autonomous systems and data.","9,584",,https://arondite.com,,"Index Ventures, Concept Ventures, Creator Fund, Chris Adelsbach","Concept Ventures, Creator Fund, Index Ventures",9250000,GBP,12047274,"Rob Underhill, Will Blyth",,,"Artificial Intelligence (AI), Data and Analytics, Information Technology, Science and Engineering, Software"
Destinus,https://www.crunchbase.com/organization/destinus-34d1,,"Aerospace, Autonomous Vehicles, Military, Software","Katwijk, Zuid-Holland, The Netherlands",Destinus is a vertically integrated European manufacturer of flying systems for civil and military uses.,"10,344",,https://www.destinus.com,,"Commerzbank, Soma Capital, TA Ventures",Commerzbank,50000000,EUR,58624138,,,,"Government and Military, Information Technology, Science and Engineering, Software, Transportation"
Elbit Systems,https://www.crunchbase.com/organization/elbit-systems,,"Manufacturing, Quality Assurance, Security","Haifa, Hefa, Israel","Elbit Systems develops, manufactures, and integrates defense electronics and electro-optic systems for customers.","11,571",$1B to $10B,http://www.elbitsystems.com,,,,812043750,USD,812043750,"Michael Federmann, Ted Miller",,,"Manufacturing, Privacy and Security, Professional Services"
MP Materials,https://www.crunchbase.com/organization/mp-materials,,"Industrial, Mining, Sustainability","Las Vegas, Nevada, United States","MP Materials provides a sustainable, low-cost supply chain of coveted materials that help power the modern economy.","11,796",$100M to $500M,https://mpmaterials.com,,"JP Morgan Chase, U.S. Department of Defense, Government of United States of America, Sahsen Ventures, Department of Defense’s Office of Strategic Capital (OSC)","Chamath Palihapitiya, Department of Defense’s Office of Strategic Capital (OSC), Hancock Prospecting, JP Morgan Chase, Omega Advisors, Slate Path Capital, U.S. Department of Defense",2383500000,USD,2383500000,"James Litinsky, Michael Rosenthal",,,"Manufacturing, Natural Resources, Sustainability"
CODELCO,https://www.crunchbase.com/organization/codelco,,"Mining, Mining Technology, Precious Metals","Santiago, Region Metropolitana, Chile",CODELCO is a Chilean state owned copper mining company.,"12,655",$10B+,http://www.codelco.com/,,"HSBC, Santander, Bank of America, JP Morgan, Crédit Agricole","Banco Santander-Chile, Bank of America, Commerzbank, Crédit Agricole, Credit Agricole CIB, HSBC, JP Morgan, Santander",7782000000,USD,7782000000,Amin Akhtar,,,Natural Resources
Nordic Air Defence,https://www.crunchbase.com/organization/nordic-air-defence,,,"Segeltorp, Stockholms Lan, Sweden","NAD maintains democratic values, which are essential to both societal stability and human advancement in a world that is changing quickly.","14,334",$1M to $10M,https://www.nordicairdefence.com,,"Inflection, SNÖ Ventures, EUDIS Business Accelerator, Noam Perski, Gustav Wiberg","EUDIS Business Accelerator, Inflection, SNÖ Ventures",4372985,USD,4372985,"Karl Rosander, Oskar Heiwe",,,
Hindustan Aeronautics,https://www.crunchbase.com/organization/hindustan-aeronautics-limited,,"Aerospace, Industrial, Manufacturing","Bengaluru, Karnataka, India",Hal is an indian company that provides aeronautic services.,"14,864",$1B to $10B,https://hal-india.co.in,,,,,,,Walchand Hirachand,,,"Manufacturing, Science and Engineering"
Apple,https://www.crunchbase.com/organization/apple,,"Apps, Artificial Intelligence (AI), Broadcasting, Digital Entertainment, Foundational AI, Media and Entertainment, Mobile Devices, Operating Systems, TV, Wearables","Cupertino, California, United States","Apple is a technology company that designs, manufactures, and markets consumer electronics, personal computers, and software.","15,169",$10B+,https://www.apple.com,,"Sequoia Capital, Venrock, Matrix, Microsoft, Berkshire Hathaway","Berkshire Hathaway, Microsoft, Sequoia Capital",10665539030,USD,10665539030,"David Pakman, Ron Wayne, Steve Jobs, Steve Wozniak",,,"Apps, Artificial Intelligence (AI), Consumer Electronics, Data and Analytics, Hardware, Media and Entertainment, Mobile, Platforms, Science and Engineering, Software, Video"
Zijin Mining,https://www.crunchbase.com/organization/zijin-mining-group,,"Manufacturing, Mining, Precious Metals","Longyan, Fujian, China","Zijin Mining is a global mining group that offers exploration and mining of gold, copper, zinc and other mineral resources.","15,354",$10B+,https://www.zijinmining.com/,,,,4019482398,USD,4019482398,Jinghe Chen,,,"Manufacturing, Natural Resources"
Vale,https://www.crunchbase.com/organization/vale,,"Mining, Natural Resources, Precious Metals","Rio De Janeiro, Rio de Janeiro, Brazil","Vale is a mining company that produces iron ore, nickel, and other metals.","16,132",$10B+,http://www.vale.com,,"Public Investment Fund, Ma’aden, Japan Bank for International Cooperation, Cosan, Engine No. 1",Cosan,8884153528,USD,8884153528,,,,"Natural Resources, Sustainability"
Alpine Eagle,https://www.crunchbase.com/organization/alpine-eagle,,Software,"Munich, Bayern, Germany",Alpine Eagle is a mix of software and hardware focused on cost efficiency.,"16,346",,https://alpineeagle.com/,,"General Catalyst, HTGF (High-Tech Gruenderfonds), HCVC, IQ Capital, Expeditions",IQ Capital,10250000,EUR,11064132,"Jan Hendrik Boelens, Timo Breuer",,,Software
Broadcom,https://www.crunchbase.com/organization/broadcom,,"Mobile, Semiconductor, Wireless","Palo Alto, California, United States","Broadcom is a designer, developer, and global supplier of a broad range of analog and digital semiconductor connectivity solutions.","16,823",$10B+,http://www.broadcom.com,,"General American Investors Company,Inc",,,,,"Ford Tamer, Henry Nicholas, Henry Samueli",,,"Hardware, Mobile, Science and Engineering"
Comand AI,https://www.crunchbase.com/organization/comand-ai,,"Artificial Intelligence (AI), Government, Military, National Security, Software","Montréal, Quebec, Canada",Comand AI is a defense and security software developing AI-powered command solutions for defense operations.,"17,204",,https://comandai.net,,"Expeditions, Kima Ventures, Frst, Eurazeo, Shape VC","Eurazeo, Frst",12228670,USD,12228670,Loic Mougeolle,,,"Artificial Intelligence (AI), Data and Analytics, Government and Military, Information Technology, Science and Engineering, Software"
Albemarle,https://www.crunchbase.com/organization/albemarle,,"Chemical, Construction, Customer Service, Manufacturing, Pharmaceutical","Charlotte, North Carolina, United States","Albemarle is a specialty chemical company focused on lithium, bromine, and refining catalysts.","19,275",$1B to $10B,http://albemarle.com,,"US Department of Energy, U.S. Department of Defense, Australian Government","Australian Government, U.S. Department of Defense, US Department of Energy",2243673577,USD,2243673577,,,,"Health Care, Manufacturing, Other, Professional Services, Real Estate, Science and Engineering"
Thales Group,https://www.crunchbase.com/organization/thales-group,,"Aerospace, Cyber Security, Industrial Manufacturing, Military, Remote Sensing, Security, Transportation","Paris, Ile-de-France, France","Thales is a technology in the aerospace, transportation and defense and security markets.","19,504",$10B+,http://www.thalesgroup.com,,European Investment Bank,European Investment Bank,450000000,EUR,532103583,Chantell Johnson,,,"Government and Military, Hardware, Information Technology, Manufacturing, Privacy and Security, Science and Engineering, Transportation"
Hensoldt,https://www.crunchbase.com/organization/hensoldt,,"Electronics, Security, Sensor","Taufkirchen, Bayern, Germany",Hensoldt is a globally leading supplier of premium sensors for security and surveillance missions.,"20,167",$1B to $10B,https://www.hensoldt.net/,,"Idinvest Partners, Leonardo Company","Idinvest Partners, Leonardo Company",846000000,EUR,992042544,Moritz Carl Hensoldt,,,"Consumer Electronics, Hardware, Privacy and Security"
Newmont,https://www.crunchbase.com/organization/newmont,,"Mineral, Mining, Mining Technology, Precious Metals","Greenwood Village, Colorado, United States","Newmont is a gold mining company that deals in mining gold and a producer of copper, silver, zinc, and lead.","20,359",$10B+,https://www.newmont.com,,,,5700000000,USD,5700000000,William Boyce Thompson,,,Natural Resources
Wheaton Precious Metals,https://www.crunchbase.com/organization/wheaton-precious-metals-corp,,"Mineral, Mining, Mining Technology, Precious Metals","Vancouver, British Columbia, Canada",Wheaton Precious Metals is a precious metals streaming company dealing with the purchase of precious metals or cobalt production from mines.,"20,658",$1B to $10B,https://www.wheatonpm.com/Home/,,,,1722621408,USD,1722621408,,,,Natural Resources
Fincantieri,https://www.crunchbase.com/organization/fincantieri,,"Construction, Industrial, Machinery Manufacturing, Manufacturing, Marine Technology, Shipping","Trieste, Friuli-Venezia Giulia, Italy","Fincantieri is a shipbuilding complex involved in the construction of cruise ships, ship repairs and production of systems and components.","21,962",$1B to $10B,https://www.fincantieri.com/en,,"Deutsche Bank, Intesa Sanpaolo, Banca Monte dei Paschi di Siena, Banco BPM, CaixaBank",,800000000,EUR,845531892,,,,"Manufacturing, Real Estate, Science and Engineering, Transportation"
Hemlock Semiconductor Operations,https://www.crunchbase.com/organization/hemlock-semiconductor-operations,,"Manufacturing, Semiconductor","Hemlock, Michigan, United States","Hemlock Semiconductor Operations manufactures polycrystalline silicon products used in semiconductor devices, cells and modules.","23,018",$1B to $10B,https://www.hscpoly.com/,,U.S. Department of Commerce,U.S. Department of Commerce,325000000,USD,325000000,,,,"Hardware, Manufacturing, Science and Engineering"
Alta Ares,https://www.crunchbase.com/organization/alta-ares,,"Artificial Intelligence (AI), Drone Management, Drones, Security","Romainville, Ile-de-France, France",Alta Ares is a data integration surveillance service provider that utilizes drone imaging.,"26,162",,https://altaares.com/,,"Bpifrance, Kima Ventures, Starburst Accelerator, Apeiron Venture Capital, Better Angle",Expansion Ventures,2000000,EUR,2219005,,,,"Artificial Intelligence (AI), Consumer Electronics, Consumer Goods, Data and Analytics, Hardware, Privacy and Security, Science and Engineering, Software"
Elkem,https://www.crunchbase.com/organization/elkem-carbon-china,,Chemical,"Oslo, Oslo, Norway",Advanced material solutions shaping a better and more sustainable future.,"27,575",$1B to $10B,https://www.elkem.com,,"European Union, Natural Resources Canada, Innovation Norway, Enova, Norwegian Research Council","Enova, European Union, Innovation Norway, Natural Resources Canada, Norwegian Research Council, Transition énergétique Québec",200108080,USD,200108080,Sam Eyde,,,Science and Engineering
Unmanned Defense Systems,https://www.crunchbase.com/organization/unmanned-defense-systems,,"Aerospace, Manufacturing, Military","Vilnius, Vilniaus Apskritis, Lithuania","Unmanned Defense Systems researches, develops, designs, and manufactures tactical military UAV systems.","32,687",$1M to $10M,https://www.unmands.com/,,"Coinvest Capital, Gytenis Galkis, Rita Sakus, Vladas Lašas, Martynas Kandzeras",Coinvest Capital,4200000,EUR,4525068,,,,"Government and Military, Information Technology, Manufacturing, Science and Engineering"
Intelic,https://www.crunchbase.com/organization/avalor-ai,,"Aerospace, Artificial Intelligence (AI), Drones, Military","Amsterdam, Noord-Holland, The Netherlands",Command & Control software for military unmanned systems,"33,806",$1M to $10M,https://www.intelic.ai/,,Keen Venture Partners,Keen Venture Partners,2000000,EUR,2149426,Maurits Korthals Altes,,,"Artificial Intelligence (AI), Consumer Electronics, Consumer Goods, Data and Analytics, Government and Military, Hardware, Information Technology, Science and Engineering, Software"
Airbus,https://www.crunchbase.com/organization/airbus-group,,"Aerospace, Industrial, Manufacturing, Product Design, Product Research, Remote Sensing","Leiden, Zuid-Holland, The Netherlands",Airbus is a manufacturer of aircraft products.,"34,960",$10B+,http://www.airbus.com,Corporate Venture Capital,,,,,,"Bernard Lathiere, Felix Kracht, Franz Josef Strauss, Henri Ziegler, Roger Beteille",,,"Data and Analytics, Design, Hardware, Manufacturing, Science and Engineering"
Ma’aden,https://www.crunchbase.com/organization/ma-aden,,"Industrial, Mineral, Mining, Precious Metals","Riyadh, Ar Riyad, Saudi Arabia",Ma’aden operates as a mining and metals company.,"36,737",$1B to $10B,https://www.maaden.com.sa,,,,2250000000,USD,2250000000,,,,"Manufacturing, Natural Resources"
XRF.ai,https://www.crunchbase.com/organization/the-singular-social-games,,"Military, Ports and Harbors, Wildlife Conservation","Telde, Canarias, Spain","XRF.ai provides critical help to decision-makers in challenging scenarios for the military, security, and emergency industries.","42,213",Less than $1M,https://xrf.ai,,"K Fund, GoHub Ventures, JME Ventures, EUDIS Business Accelerator",EUDIS Business Accelerator,2365000,EUR,2643688,Gustavo Medina del Rosario,,,"Government and Military, Information Technology, Sustainability, Transportation"
Sociedad Quimica Y Minera (SQM),https://www.crunchbase.com/organization/sociedad-quimica-y-minera-sqm,,"Clean Energy, Environmental Consulting","Santiago, Region Metropolitana, Chile","SQM, a worldwide company based in Chile and founded in 1968.","44,850",$1B to $10B,http://www.sqm.com/,,Tianqi Lithium,Tianqi Lithium,1600000000,USD,1600000000,,,,"Energy, Professional Services, Sustainability"
Umicore,https://www.crunchbase.com/organization/umicore,,"Energy, Recycling","Brussels, Brussels Hoofdstedelijk Gewest, Belgium",Umicore is a global materials technology and recycling group.,"48,197",$10B+,http://www.umicore.com,,"European Investment Bank, NYSERDA",European Investment Bank,1051343662,USD,1051343662,,,,"Energy, Sustainability"
AeroVironment,https://www.crunchbase.com/organization/aerovironment-efficient-energy-systems,,"Battery, Business Intelligence, Electric Vehicle","Arlington, Virginia, United States",AeroVironment is a defense technology company specializing in autonomous systems and loitering munitions.,"50,085",,https://www.avinc.com,,,,,,,,,,"Data and Analytics, Energy, Transportation"
Tianqi Lithium,https://www.crunchbase.com/organization/tianqi-lithium-corporation,,"Energy, Manufacturing, Mining","Chengdu, Sichuan, China","Tianqi Lithium is a principally engaged in the research and development, manufacture and distribution of lithium products.","51,461",,http://en.tianqilithium.com,,,,,,,,,,"Energy, Manufacturing, Natural Resources"
Czechoslovak Group,https://www.crunchbase.com/organization/czechoslovak-group,,"Aerospace, Air Transportation, Machinery Manufacturing","Karlin, Stredocesky kraj, Czech Republic",Czechoslovak Group is an industrial-technological holding company.,"56,083",$1B to $10B,https://czechoslovakgroup.cz,,,,,,,,,,"Manufacturing, Science and Engineering, Transportation"
Cisco Systems,https://www.crunchbase.com/organization/cisco-systems-danmark,,"Information Technology, Internet of Things, Network Hardware, Network Security, Software","Copenhagen, Hovedstaden, Denmark",Cisco Systems Danmark develops computer networking products and provides transforming services to assist customers to work smarter.,"61,488",$10B+,http://www.cisco.com,,,,,,,,,,"Hardware, Information Technology, Internet Services, Privacy and Security, Software"
Lynas Rare Earths Ltd,https://www.crunchbase.com/organization/lynas-corporation-ltd,,"Developer Platform, Manufacturing, Mining, Mining Technology, Precious Metals, Sales","Perth, Western Australia, Australia",Lynas Rare Earths is a single-segment company that specializes in the extraction and processing of rare earth materials.,"66,655",$500M to $1B,https://www.lynasrareearths.com,,"Australian Government, Hancock Prospecting, Business.gov.au, Gina Rinehart, JARE","Australian Government, Business.gov.au, Gina Rinehart, Hancock Prospecting, JARE",1024800000,AUD,671750603,,,,"Manufacturing, Natural Resources, Sales and Marketing, Software"
Sigma Lithium,https://www.crunchbase.com/organization/sigma-lithium,,"Manufacturing, Mining, Precious Metals","Toronto, Ontario, Canada",Sigma Lithium is a mining and metal company.,"66,857",$50M to $100M,http://www.sigmalithiumresources.com/,,"Santander, The Brazilian Development Bank(BNDES), Citibank, Banco do Brasil, Grand 365 Capital","Synergy Capital, The Brazilian Development Bank(BNDES)",333273944,USD,333273944,Calvyn Gardner,,,"Manufacturing, Natural Resources"
Safran,https://www.crunchbase.com/organization/safran,,"Aerospace, Infrastructure, Navigation, Transportation","Pantin, Ile-de-France, France","Safran is an international technology group with divisions in aerospace, defense, and security.","69,204",$10B+,http://www.safran-group.com,,BlackRock,,,,,Marcel Môme,,,"Navigation and Mapping, Other, Science and Engineering, Transportation"
Honeywell,https://www.crunchbase.com/organization/honeywell,,"Aerospace, Electronics, Information Technology, Innovation Management, Manufacturing, Service Industry","Charlotte, North Carolina, United States","Honeywell is a technology and manufacturing company that produces products for the automation, aviation, and energy transition industries.","69,425",$10B+,http://www.honeywell.com,,US Department of Energy,,11400000,USD,11400000,Mark C. Honeywell,,,"Consumer Electronics, Hardware, Information Technology, Manufacturing, Other, Professional Services, Science and Engineering"
First Quantum Minerals,https://www.crunchbase.com/organization/first-quantum-minerals,,"Manufacturing, Mineral, Mining, Professional Services","Vancouver, British Columbia, Canada","First Quantum Minerals specializes in producing copper, nickel, gold, zinc and platinum group elements.","71,230",$1B to $10B,http://www.first-quantum.com/,,PIM Cupric Holdings,PIM Cupric Holdings,4750950996,USD,4750950996,Philip Pascall,,,"Manufacturing, Natural Resources, Other"
Ganfeng Lithium,https://www.crunchbase.com/organization/ganfeng-lithium,,"Chemical, Manufacturing, Mining","Shanghai, Shanghai, China",Ganfeng Lithium researches and produces lithium products.,"77,565",$1B to $10B,http://www.ganfenglithium.com/,,,,425738606,USD,425738606,,,,"Manufacturing, Natural Resources, Science and Engineering"
C2Grid,https://www.crunchbase.com/organization/c2grid,,"3D Technology, Artificial Intelligence (AI), Intelligent Systems","Tallinn, Harjumaa, Estonia","C2Grid uses AI to turn video into 3D situational awareness, boosting decision-making and safety in military and civilian operations.","96,534",,https://www.c2grid.com/,,"BSV Ventures, Sunfish Partners, Mike Oliinyk",Sunfish Partners,300000,EUR,353666,Rostyslav Boychuk,,,"Artificial Intelligence (AI), Data and Analytics, Hardware, Science and Engineering, Software"
KNDS,https://www.crunchbase.com/organization/knds,,"Machinery Manufacturing, Manufacturing, National Security, Physical Security, Security","Amsterdam, Noord-Holland, The Netherlands",KNDS provides and develops equipment and systems for the land defense industry.,"100,127",$1B to $10B,https://www.knds.com/,,,,,,,,,,"Administrative Services, Government and Military, Manufacturing, Privacy and Security"
ThyssenKrupp Marine Systems,https://www.crunchbase.com/organization/thyssenkrupp-marine-systems,,"Manufacturing, Marine Technology","Kiel, Schleswig-Holstein, Germany","ThyssenKrupp Marine Systems has manufactures submarines, naval surface vessels, and yachts.","105,149",$100M to $500M,https://www.thyssenkrupp-marinesystems.com,,,,,,,,,,"Manufacturing, Science and Engineering"
Chemring Group,https://www.crunchbase.com/organization/chemring-group,,"Aerospace, CivicTech, Consulting, Manufacturing, Service Industry, Test and Measurement","Romsey, Hampshire, United Kingdom",Chemring is a global group of companies that specializes in the manufacture of energetic material products and advanced expendable,"112,330",$500M to $1B,https://www.chemring.com,,"European Commission, Government of Norway",European Commission,90000000,GBP,114541852,,,,"Data and Analytics, Government and Military, Information Technology, Manufacturing, Other, Professional Services, Science and Engineering"
Ferroglobe,https://www.crunchbase.com/organization/ferroglobe,,"Consulting, Manufacturing, Mining","London, England, United Kingdom",Ferroglobe is one of the leading materials innovation companies in the world.,"116,230",$1B to $10B,https://www.ferroglobe.com/,,,,147623624,USD,147623624,,,,"Manufacturing, Natural Resources, Professional Services"
Liontown,https://www.crunchbase.com/organization/liontown-resources,,"Battery, Mineral, Mining","Perth, Western Australia, Australia",Liontown is a battery metals exploration and development company that has expertise Lithium-Tantalum Project.,"116,950",$100M to $500M,https://www.ltresources.com.au,,"Societe Generale, LG Energy Solution, Commonwealth Bank of Australia, Clean Energy Finance Corporation, National Australia Bank",LG Energy Solution,1379000000,AUD,935979371,,,,"Energy, Natural Resources"
Baykar,https://www.crunchbase.com/organization/baykar,,"Artificial Intelligence (AI), Automotive, Autonomous Vehicles, Manufacturing","Istanbul, Istanbul, Turkey","Baykar specializes in providing UAV systems, unmanned air systems, and artificial intelligent services for the automotive industry.","117,165",$1B to $10B,https://baykartech.com,,,,,,,,,,"Artificial Intelligence (AI), Data and Analytics, Manufacturing, Science and Engineering, Software, Transportation"
General Dynamics,https://www.crunchbase.com/organization/general-dynamics,,"Aerospace, National Security, Public Transportation","Falls Church, Virginia, United States","General Dynamics is a defense industry contractor for shipbuilding, marine, combat and defense systems and, munitions.","117,516",$10B+,https://www.gd.com,,"US Army, United States Navy",,84900000,USD,84900000,John Philip Holland,,,"Government and Military, Science and Engineering, Transportation"
Mineral Resources,https://www.crunchbase.com/organization/mineral-resources,,"Mineral, Mining, Mining Technology","Applecross, Western Australia, Australia",Mineral Resources mining services and processing company.,"118,139",$1B to $10B,https://www.mineralresources.com.au/,,,,1800000000,USD,1800000000,Chris Ellison,,,Natural Resources
Dassault Aviation,https://www.crunchbase.com/organization/dassault-aviation,,"Aerospace, Innovation Management, Manufacturing, National Security","Saint-cloud, Ile-de-France, France","Dassault Aviation is an aircraft manufacturer of military, regional, and business jets.","124,882",$1B to $10B,http://www.dassault-aviation.com/en/,,,,,,,Marcel Bloch,,,"Government and Military, Manufacturing, Professional Services, Science and Engineering"
DAQO NEW ENERGY,https://www.crunchbase.com/organization/daqo-new-energy-corp,,"Energy, Manufacturing, Renewable Energy, Solar","Wanzhou, Guangdong, China",Daqo New Energy is a leading polysilicon manufacturer based in China,"130,723",$1B to $10B,http://www.dqsolar.com,,"Morgan Stanley, GGV Capital, Chongqing Rural Commercial Bank",Morgan Stanley,76050000,USD,76050000,Gongda Yao,,,"Energy, Manufacturing, Natural Resources, Sustainability"
Bharat Electronics,https://www.crunchbase.com/organization/bharat-electronics,,"Electronics, Government, Information Technology, Manufacturing, National Security, Service Industry","Bengaluru, Karnataka, India",Bharat Electronics operates as a state-owned aerospace and defense company.,"144,784",$1B to $10B,http://www.bel-india.in/,,,,,,,Venkateswara Gowtama Mannava,,,"Consumer Electronics, Government and Military, Hardware, Information Technology, Manufacturing, Other"
QinetiQ,https://www.crunchbase.com/organization/qinetiq,,"Aerospace, Cyber Security, Information Technology, Law Enforcement, Military, National Security, Space Travel, Test and Measurement","Cardigan, Ceredigion, United Kingdom","QinetiQ is an international provider of technology-based services and solutions to the defense, security and related markets.","162,885",$1B to $10B,http://www.qinetiq.com,,The Carlyle Group,,,,,Syed Sikandar Ali,,,"Data and Analytics, Government and Military, Information Technology, Privacy and Security, Science and Engineering, Transportation"
AVICOPTER PLC,https://www.crunchbase.com/organization/avicopter-plc,,"Aerospace, Industrial, Industrial Manufacturing","Harbin, Heilongjiang, China","AVIC Helicopter designs, develops, manufactures, and sells helicopters, airplane parts, and aviation-related products.","168,474",$1B to $10B,http://avicopter.avic.com,,"UBS, China Structural Reform Fund, Guosheng Group, Nuode Asset Management, Guotai Junan Financial Holdings",,2999999973,CNY,414886110,,,,"Manufacturing, Science and Engineering"
Arafura Resources,https://www.crunchbase.com/organization/arafura-resources,,Association,"Perth, Western Australia, Australia",Arafura Resources is an Australian company with a world class rare earths resource in the Northern Territory of Australia.,"170,374",$500M to $1B,http://www.arultd.com,,"Export Development Canada, Canaccord Genuity Group, National Reconstruction Fund Corporation, Bell Potter","Bell Potter, Canaccord Genuity Group, Export Development Canada, National Reconstruction Fund Corporation",499216566,USD,499216566,,,,Other
Eviden,https://www.crunchbase.com/organization/eviden,,"Big Data, Financial Services, Information Technology","Bezons, Ile-de-France, France","Eviden offers solutions including advanced computing, digital security, net zero transformation, and digital assurance.","171,968",$1B to $10B,https://eviden.com,,,,,,,,,,"Data and Analytics, Financial Services, Information Technology"
Pilbara Minerals,https://www.crunchbase.com/organization/pilbara-minerals,,Mining,"Perth, Western Australia, Australia",Pilgangoora has been confirmed as one of the largest spodumene (lithium pyroxene) and tantalite projects in the world .,"179,461",$500M to $1B,http://pilbaraminerals.com.au,,Contemporary Amperex Technology,Contemporary Amperex Technology,103708031,AUD,71257999,"Nick Kephala, Stephen Hobbs",,,Natural Resources
Israel Aerospace Industries,https://www.crunchbase.com/organization/israel-aerospace-industries,,,"Lod, HaMerkaz, Israel",Israel Aerospace Industries develops and manufactures military and commercial aerospace and defense systems.,"184,415",$1B to $10B,http://www.iai.co.il,,,,,,,William Creagh,,,
Diehl Defence,https://www.crunchbase.com/organization/diehl-defence,,"Business Development, Innovation Management, Training","Überlingen, Baden-Wurttemberg, Germany",Diehl Defence is a provider of high-tech defense equipment.,"187,824",$1B to $10B,https://www.diehl.com/defence/de/,,,,,,,,,,"Education, Professional Services"
Bayan Resources,https://www.crunchbase.com/organization/bayan-resources,,"Mineral, Mining","Kebayoran Baru, Jakarta Raya, Indonesia",Bayan Resources is a coal mining company.,"195,276",$1B to $10B,https://www.bayan.com.sg/,,,,49400000,USD,49400000,Low Tuck Kwong,,,Natural Resources
Rafael Advanced Defense Systems,https://www.crunchbase.com/organization/rafael-advanced-defense-systems,,"Enterprise, Manufacturing, National Security, Security","Haifa, Hefa, Israel",Rafael develops and manufactures advanced defense systems for the Israeli Defense Forces.,"196,732",$1B to $10B,http://www.rafael.co.il,,,,,,,,,,"Government and Military, Manufacturing, Other, Privacy and Security"
Freeport Mcmoran,https://www.crunchbase.com/organization/freeport-mcmoran,,Mining,"Phoenix, Arizona, United States",Freeport-McMoRan Copper & Gold Inc. is the world's largest publicly traded copper company.,"197,721",$10B+,https://fcx.com,,,,,,,Eric Pierson Swenson,,,Natural Resources
Naval Group,https://www.crunchbase.com/organization/naval-group,,"Aerospace, Energy, Industrial, Security","Paris, Ile-de-France, France",Naval Group is a defense contractor and industrial group that specialized in naval-based defense platform and the marine renewable energy.,"201,371",$1B to $10B,http://www.naval-group.com,,,,,,,,,,"Energy, Manufacturing, Privacy and Security, Science and Engineering"
Agnico-Eagle Mines Limited,https://www.crunchbase.com/organization/agnico-eagle-mines-limited,,"Mineral, Mining Technology, Precious Metals","Toronto, Ontario, Canada",Agnico Eagle Mines Limited (Agnico Eagle) is a Canada-based international gold producer,"210,019",$1B to $10B,http://agnicoeagle.com,,,,,,,Paul Penna,,,Natural Resources
Patricomp Oy,https://www.crunchbase.com/organization/patricomp-oy,,"Aerospace, Manufacturing","Jämsä, Western Finland, Finland",Patricomp Oy operates as an aerospace company servicing both the civil and military aircraft industries.,"214,255",$500M to $1B,https://www.patriagroup.com/,,,,,,,,,,"Manufacturing, Science and Engineering"
HII Mission Technologies,https://www.crunchbase.com/organization/hii-technical-solutions-a-division-of-huntington-ingalls-industries,,,"Mclean, Virginia, United States","Hii's Mission Technologies develops integrted solutions that enable today's connected, all-domain force.","221,202",,https://tsd.huntingtoningalls.com/,,,,,,,,,,
Kongsberg,https://www.crunchbase.com/organization/kongsberg-gruppen,,"Aerospace, Industrial Engineering, Mechanical Engineering","Kongsberg, Buskerud, Norway","Kongsberg is a technology corporation that delivers advanced and reliable solutions for the safety, security, and performance of industries.","226,961",$1B to $10B,http://www.kongsberg.com,,,,,,,Poul Steenstrup,,,"Manufacturing, Science and Engineering"
HAVELSAN,https://www.crunchbase.com/organization/havelsan,,"Cyber Security, Information and Communications Technology (ICT), Software","Ankara, Ankara, Turkey","HAVELSAN is a software, and systems company provides global solutions in defense, and IT sectors.","232,965",$100M to $500M,https://www.havelsan.com.tr/,,,,,,,,,,"Information Technology, Privacy and Security, Software"
TSMC Arizona,https://www.crunchbase.com/organization/tsmc-arizona,,Manufacturing,"Phoenix, Arizona, United States","In the city of Phoenix, TSMC Arizona aims to represent the world’s most advanced semiconductor technology in the United States.","234,908",,https://www.tsmc.com/static/abouttsmcaz/index.htm,,,,,,,,,,Manufacturing
Meta for Developers,https://www.crunchbase.com/organization/facebook-for-developers,,"Business Development, Content, Internet, Machine Learning, Management Information Systems","Menlo Park, California, United States","Meta for Developers develops content and business tools, AI, AR and VR.","235,454",,https://developers.meta.com/,,,,,,,,,,"Artificial Intelligence (AI), Data and Analytics, Information Technology, Internet Services, Media and Entertainment, Professional Services, Software"
Wacker Chemie,https://www.crunchbase.com/organization/wacker-chemie-ag,,"Chemical, Chemical Engineering, Health Care, Information Technology, Manufacturing","München, Bayern, Germany",Wacker Chemie is a global chemical company.,"235,985",$1B to $10B,http://www.wacker.com,,Ben Franklin Technology Partners of Northeastern Pennsylvania,,,,,Alexander Wacker,,,"Health Care, Information Technology, Manufacturing, Science and Engineering"
Roketsan,https://www.crunchbase.com/organization/roketsan,,"Aerospace, Manufacturing, Space Travel, Transportation","Ankara, Ankara, Turkey","Roketsan is a Turkish weapons manufacturer that specializes in designing, developing, and manufacturing rockets and missiles.","241,846",,https://roketsan.com.tr/tr,,,,,,,,,,"Manufacturing, Science and Engineering, Transportation"
Tongwei,https://www.crunchbase.com/organization/tongwei-co,,"AgTech, Energy, Information Technology","Chengdu, Sichuan, China",Tongwei is a private technology-based company that primarily engages in agriculture and energy industry.,"252,753",,http://www.tongwei.com.cn/,,Houji Capital,,,,,,,,"Agriculture and Farming, Energy, Information Technology"
Coal India,https://www.crunchbase.com/organization/coal-india,,"Energy, Mining","Kolkata, West Bengal, India",Coal India is a Maharatna company that produces coal in India.,"255,766",$10B+,https://www.coalindia.in/index-hi.html,,,,,,,,,,"Energy, Natural Resources"
MTU Aero Engines GmbH,https://www.crunchbase.com/organization/mtu-aero-engines-gmbh,,"Aerospace, Machinery Manufacturing, Manufacturing","München, Bayern, Germany",MTU Aero Engines is Germany’s leading engine manufacturer and an established global player in the industry.,"257,682",$1B to $10B,http://www.mtu.de/,,,,,,,Karl Rapp,,,"Manufacturing, Science and Engineering"
MBDA,https://www.crunchbase.com/organization/mbda,,"Manufacturing, National Security, Security","Le Plessis-robinson, Ile-de-France, France",MBDA designs and produces missiles and missile systems.,"264,921",$1M to $10M,http://www.mbda-systems.com/,,,,,,,,,,"Government and Military, Manufacturing, Privacy and Security"
United Shipbuilding Corporation,https://www.crunchbase.com/organization/united-shipbuilding-corporation,,"Association, Building Maintenance, Construction, Logistics, Shipping","Moscow, Moscow City, Russian Federation","United Shipbuilding Corporation unites shipbuilding, repair, and maintenance subsidiaries in western and northern Russia","267,826",$50M to $100M,https://www.aoosk.ru,,,,,,,,,,"Other, Real Estate, Transportation"
Indium,https://www.crunchbase.com/organization/indium-corporation,,"Advanced Materials, Developer Platform, Manufacturing","Clinton, New York, United States","Indium is a premier materials supplier to the global electronics, semiconductor, thin film, and solar markets.","276,282",$100M to $500M,http://www.indium.com/,,NYSERDA,,150000,USD,150000,"Daniel Gray, J. Robert Dyer, William S. Murray",,,"Manufacturing, Science and Engineering, Software"
Nammo,https://www.crunchbase.com/organization/nammo,,"3D Printing, Consumer Electronics, Manufacturing","Raufoss, Oppland, Norway",NAMMO AS is a developer and manufacturer of ammunition systems and missile & space propulsion products.,"279,845",$1M to $10M,https://www.nammo.com/,,,,,,,Raufoss Ammunisjonsfabrikker,,,"Consumer Electronics, Hardware, Manufacturing"
China Aerospace Science and Technology Corporation,https://www.crunchbase.com/organization/china-aerospace-science-and-technology-corporation,,"Aerospace, Information Technology, Satellite Communication, Software, Software Engineering","Beijing, Beijing, China","CASC is a large state-owned enterprise group with its own famous brands such as Shenzhou and Long March, intellectual properties.","306,544",$10B+,http://english.spacechina.com/,,,,,,,,,,"Hardware, Information Technology, Science and Engineering, Software"
Exxelia Group,https://www.crunchbase.com/organization/exxelia-group,,"Electronics, Manufacturing","Paris, Ile-de-France, France",Exxelia Group is designs and manufactures electronic and electromechanical solutions.,"307,325",$500M to $1B,http://www.exxelia.com/,,HarbourVest Partners,HarbourVest Partners,,,,,,,"Consumer Electronics, Hardware, Manufacturing"
American Elements,https://www.crunchbase.com/organization/american-elements,,Manufacturing,"Los Angeles, California, United States","American Elements Certified bulk, lab quantity manufacturer, supplier of high purity metal, chemical, nanoparticle & other advanced material","307,916",$10M to $50M,https://www.americanelements.com,,,,,,,,,,Manufacturing
Babcock International,https://www.crunchbase.com/organization/babcock-international,,"Asset Management, Business Development, Facility Management, Industrial Engineering, Infrastructure, Marine Technology, Mechanical Engineering, National Security, Nuclear, Project Management","London, England, United Kingdom",Babcock International is a work-based learning provider that provides training programmes to learners nationwide.,"316,686",$1B to $10B,http://babcockinternational.com,,,,,,,Stephen Wilcox,,,"Administrative Services, Financial Services, Government and Military, Manufacturing, Other, Professional Services, Real Estate, Science and Engineering"
KGHM International,https://www.crunchbase.com/organization/kghm-international,,"Manufacturing, Precious Metals","Vancouver, British Columbia, Canada",KGHM International is develops and operates mines focusing primarily on copper.,"344,778",$1B to $10B,http://kghm.com,,,,,,,,,,"Manufacturing, Natural Resources"
GCL Technology,https://www.crunchbase.com/organization/gcl-technology,,"Manufacturing, Solar, Sustainability","Suzhou, Jiangsu, China","GCL Technology is a manufacturer of solar materials, focused on producing granular silicon using Fluidized Bed Reactor technology.","361,984",$10B+,http://www.gcltech.com/,,,,,,,,,,"Energy, Manufacturing, Natural Resources, Sustainability"
United Aircraft,https://www.crunchbase.com/organization/united-aircraft,,"Aerospace, Air Transportation, Manufacturing, Transportation, Travel","Moscow, Moscow City, Russian Federation","United Aircraft develops, manufactures, sells, and maintains aftersales civil, military, transport, and special-purpose aircraft in Russia.","426,194",$1B to $10B,http://www.uacrussia.ru/,,,,,,,Vladimir Putin,,,"Manufacturing, Science and Engineering, Transportation, Travel and Tourism"
Fokker Technologies,https://www.crunchbase.com/organization/fokker-technologies,,"Aerospace, Manufacturing","Papendrecht, Zuid-Holland, The Netherlands",Fokker Technologies is a strong and reliable partner that offers the individual specialties of our four specialized businesses.,"451,645",,http://www.fokker.com/,,,,,,,Anthony Fokker,,,"Manufacturing, Science and Engineering"
Anglo American,https://www.crunchbase.com/organization/anglo-american-c438,,"Innovation Management, Mining","London, England, United Kingdom",Anglo American is a mining company and products are the essential ingredients in almost every aspect of modern life.,"464,584",$10B+,https://www.angloamerican.com,,,,,,,,,,"Natural Resources, Professional Services"
Grupo Mexico,https://www.crunchbase.com/organization/grupo-mexico,,"Manufacturing, Mining, Precious Metals","Mexico City, Distrito Federal, Mexico",Grupo México is a corporation in Mexico and the third largest copper producer in the world through ASARCO.,"511,148",$10B+,http://www.gmexico.com,,,,,,,"Larrea Mota Velasco, Raúl Antonio Escobedo",,,"Manufacturing, Natural Resources"
Iluka Resources Ltd,https://www.crunchbase.com/organization/iluka-resources-ltd,,"Manufacturing, Mining, Precious Metals","Perth, Western Australia, Australia",Iluka Resources Ltd is a company that produces zircon on a global scale.,"577,289",$500M to $1B,http://www.iluka.com,,,,,,,,,,"Manufacturing, Natural Resources"
Aselsan A.S.,https://www.crunchbase.com/organization/aselsan-a-s,,Information Technology,"Yenimahalle, Ankara, Turkey",ASELSAN is a defense electronics company that offers technological services.,"595,274",,http://www.aselsan.com.tr/en-us/Pages/default.aspx,,,,,,,Prof.Dr.Haluk Gorgun,,,Information Technology
Concern PVO Almaz Antey,https://www.crunchbase.com/organization/concern-pvo-almaz-antey,,"Machinery Manufacturing, Manufacturing, Military, National Security","Moscow, Moscow City, Russian Federation",Almaz Antey Corporation is engaged in development and production of anti-aircraft missile systems and radar reconnaissance systems.,"633,626",,http://www.almaz-antey.ru,,,,,,,,,,"Government and Military, Information Technology, Manufacturing"
Southern Copper Corporation,https://www.crunchbase.com/organization/southern-copper-corporation,,"Industrial, Mineral, Mining Technology","Mexico City, Distrito Federal, Mexico","Southern Copper Corporation is an integrated producer of copper, molybdenum, zinc and silver.","663,304",$10B+,http://www.southerncoppercorp.com/,,,,,,,,,,"Manufacturing, Natural Resources"
IMI Systems,https://www.crunchbase.com/organization/imi-systems,,"Computer, CRM, Electronics, Information Technology, Robotics","Ramat Hasharon, Tel Aviv, Israel",IMI Systems is a a weapons maker known for Uzi submachine guns.,"693,600",,http://www.imisystems.com/,,,,,,,,,,"Consumer Electronics, Hardware, Information Technology, Sales and Marketing, Science and Engineering, Software"
Melrose Industries,https://www.crunchbase.com/organization/melrose-industries,,Manufacturing,"London, England, United Kingdom","Melrose Industries operates as a holding company, which manufactures electricity generating equipment, switchgear and transformers.","698,212",$1B to $10B,http://www.melroseplc.net/,,,,,,,"Christopher Miller, Simon Peckham",,,Manufacturing
DOWA Holdings,https://www.crunchbase.com/organization/dowa,,"Environmental Engineering, Industrial, Industrial Engineering, Manufacturing, Precious Metals, Recycling","Tokyo, Tokyo, Japan",DOWA Holdings operates several businesses ranging from the production of metal to waste treatment and recycling.,"701,527",,https://www.dowa.co.jp/,,,,,,,Denzaburo Fujita,,,"Manufacturing, Natural Resources, Science and Engineering, Sustainability"
Mitsubishi Materials,https://www.crunchbase.com/organization/mitsubishi-materials,,"Building Material, Manufacturing","Tokyo, Tokyo, Japan","Mitsubishi Materials Corporation is a Japanese company. It is a manufacturer of cement, copper, and aluminum products.","717,516",$10B+,http://www.mmc.co.jp/corporate/en/,,,,,,,Yataro Iwasaki,,,"Manufacturing, Real Estate"
CASIC,https://www.crunchbase.com/organization/casic-capital,,"Asset Management, Finance, Financial Services","Beijing, Beijing, China",CASIC Capital is a fund management platform.,"925,252",,http://casicfund.com/,,,,,,,,,,Financial Services
China Shenhua Energy Company,https://www.crunchbase.com/organization/china-shenhua-energy-company,,"Clean Energy, Energy","Beijing, Beijing, China","China Shenhua Energy focuses on production of coal, transportation of coal-related materials as well as power generation and sales.","979,211",$10B+,http://en.shenhuachina.com,,,,,,,,,,"Energy, Sustainability"
Vital Materials,https://www.crunchbase.com/organization/vital-materials,,"Industrial, Manufacturing, Recycling","Guangzhou, Guangdong, China","Vital Materials specializes in R&D, manufacturing, sales, and recycling services of minor metals.","1,164,924",$1M to $10M,https://vitalchem.com,,,,,,,,,,"Manufacturing, Sustainability"
Xinte Energy,https://www.crunchbase.com/organization/xinte-energy,,"Clean Energy, Energy, Manufacturing, Renewable Energy, Solar","Ürümqi, Xinjiang, China","Xinte Energy is specialized in producing photovoltaic energy products, ceramics, zirconium, and other products.","1,273,670",,https://www.xinteenergy.com,,,,,,,,,,"Energy, Manufacturing, Natural Resources, Sustainability"
Nexa Technologies,https://www.crunchbase.com/organization/nexa-technologies,,"Financial Services, Software","Richardson, Texas, United States","Nexa is a pioneer trading technology provider, offering innovative trading solutions.","1,289,141",,http://home.nexatechnologies.com,,,,,,,,,,"Financial Services, Software"
Colt CZ Group,https://www.crunchbase.com/organization/colt-cz-group,,"Manufacturing, Sporting Goods, Wholesale","Prague, Hlavni mesto Praha, Czech Republic","Colt CZ Group designs and manufactures small arms and accessories across Colt, CZ, Colt Canada, and Dan Wesson brands.","2,073,384",$500M to $1B,https://www.coltczgroup.com,,,,,,,,,,"Commerce and Shopping, Manufacturing, Sports"
NeoPerformance,https://www.crunchbase.com/organization/neoperformance,,,"Rio, Rio de Janeiro, Brazil",NeoPerformance provide Marketing Services.,"2,447,820",,https://neoperformance.com,,,,,,,,,,
Norincogroup,https://www.crunchbase.com/organization/norincogroup,,"Chemical, Construction, Electric Vehicle, Mining, Textiles","Beijing, Beijing, China","Norincogroup is an enterprise company that offers mining, metals, iron, and steel services for business.","2,450,261",,http://www.norincogroup.com.cn,,,,,,,,,,"Manufacturing, Natural Resources, Real Estate, Science and Engineering, Transportation"
Raytheon Missile Systems,https://www.crunchbase.com/organization/raytheon-missile-systems,,"Manufacturing, National Security","Tucson, Arizona, United States",Raytheon Missile Systems Company engages in the development and production of missile systems for the armed forces.,"2,712,944",$10M to $50M,https://www.rtx.com/raytheon/,,,,,,,,,,"Government and Military, Manufacturing"
Intel,https://www.crunchbase.com/organization/intel-gold-technology-provider,,"Computer, GPU, Hardware, Information Technology, Manufacturing","Santa Clara, California, United States","The only Intel partner north of King County, 3D Corporation has been recognized as a committed integrated solution provider.","3,027,107",$10B+,http://www.intel.com,,,,,,,,,,"Consumer Electronics, Hardware, Information Technology, Manufacturing"
Alcoa Warrick,https://www.crunchbase.com/organization/alcoa-warrick-operations,,"Mining, Power Grid, Precious Metals","Newburgh, Indiana, United States",Alcoa Warrick is one of the producers of aluminum sheet for the food and beverage industry.,"3,100,269",,https://www.alcoa.com/,,,,,,,,,,"Energy, Natural Resources"
Comec,https://www.crunchbase.com/organization/comec,,"Boating, Industrial Manufacturing, Manufacturing, Rental","Haizhu, Hainan, China","Comec manufactures and markets ships, containers, large steel structures, fiberglass boats, ships, and land-use machines.","3,195,405",,http://comec.cssc.net.cn,,,,,,,,,,"Commerce and Shopping, Manufacturing, Sports"
Uralvagonzavod,https://www.crunchbase.com/organization/uralvagonzavod,,"Automotive, Manufacturing, Military","Moscow, Moscow City, Russian Federation","Uralvagonzavod manufactures hopper cars, wagons, armored recovery vehicles, couplers, railway tanks, and fire support combat vehicles.","3,602,434",$100M to $500M,http://uralvagonzavod.ru/,,,,,,,,,,"Government and Military, Information Technology, Manufacturing, Transportation"
Hoshine Silicon,https://www.crunchbase.com/organization/hoshine-silicon,,"Chemical, Manufacturing, Oil and Gas","Pinghu, Zhejiang, China",Hoshine Silicon is a manufacturer of chemical products.,"3,621,721",,http://www.hoshinesilicon.com,,,,,,,,,,"Energy, Manufacturing, Natural Resources, Science and Engineering"
Indian Rare Earths,https://www.crunchbase.com/organization/indian-rare-earths,,"Chemical, Government, Mineral, Mining","Mumbai, Maharashtra, India","Indian Rare Earths is a mining company that offers ilmenite, minerals, chemicals, rare earths, and zircon.","3,781,608",Less than $1M,https://www.irel.co.in,,,,,,,,,,"Government and Military, Natural Resources, Science and Engineering"
Zhuzhou Smelter Group,https://www.crunchbase.com/organization/zhuzhou-smelter-group,,"Chemical, Industrial Manufacturing, Manufacturing, Mineral","Zhuzhou, Hunan, China",Smelter Group is a manufacturer and distributor of nonferrous metal products and chemical products.,"3,895,972",,http://www.torchcn.com,,,,,,,,,,"Manufacturing, Natural Resources, Science and Engineering"
Recylex,https://www.crunchbase.com/organization/recylex,,"Manufacturing, Recycling","Paris, Ile-de-France, France","Recylex specializes in recycling lead and polypropylene (from car and industrial batteries), zinc from electric steel dust.","3,911,083",,http://www.recylex.eu/,,,,,,,,,,"Manufacturing, Sustainability"